cid,cid_name,ddinter_name,ddinter_num,match_type,score
CID100000085,carnitine,,,unmatched,0.0
CID100000119,gamma-aminobutyric,gamma-aminobutyric acid,805,fuzzy,0.878
CID100000137,5-aminolevulinic,,,unmatched,0.0
CID100000143,leucovorin,leucovorin,1041,exact,1.0
CID100000146,5-methyltetrahydrofolate,,,unmatched,0.0
CID100000158,PGE2,,,unmatched,0.0
CID100000159,prostacyclin,,,unmatched,0.0
CID100000160,prostaglandin,,,unmatched,0.0
CID100000175,acetate,,,unmatched,0.0
CID100000187,acetylcholine,acetylcholine,18,exact,1.0
CID100000191,adenosine,adenosine,31,exact,1.0
CID100000206,glucose,,,unmatched,0.0
CID100000214,PGE1,,,unmatched,0.0
CID100000222,ammonia,,,unmatched,0.0
CID100000232,arginine,,,unmatched,0.0
CID100000244,benzyl,,,unmatched,0.0
CID100000247,betaine,,,unmatched,0.0
CID100000271,calcium,,,unmatched,0.0
CID100000297,graphene,,,unmatched,0.0
CID100000298,chloramphenicol,chloramphenicol,351,exact,1.0
CID100000303,bile,,,unmatched,0.0
CID100000305,choline,,,unmatched,0.0
CID100000311,citric,,,unmatched,0.0
CID100000312,chloride,,,unmatched,0.0
CID100000338,salicylate,,,unmatched,0.0
CID100000401,D-cycloserine,cycloserine,457,fuzzy,0.9167
CID100000444,bupropion,bupropion,252,exact,1.0
CID100000450,estradiol,estradiol,679,exact,1.0
CID100000453,mannitol,mannitol,1123,exact,1.0
CID100000564,EACA,,,unmatched,0.0
CID100000581,N-acetylcysteine,acetylcysteine,19,fuzzy,0.9333
CID100000596,cytarabine,cytarabine,460,exact,1.0
CID100000598,mesna,,,unmatched,0.0
CID100000612,lactate,,,unmatched,0.0
CID100000679,DMSO,,,unmatched,0.0
CID100000681,dopamine,dopamine,584,exact,1.0
CID100000698,estrone,estrone,682,exact,1.0
CID100000699,Oestrogen,,,unmatched,0.0
CID100000700,monoethanolamine,,,unmatched,0.0
CID100000727,lindane,lindane,1072,exact,1.0
CID100000738,glutamine,,,unmatched,0.0
CID100000750,glycine,,,unmatched,0.0
CID100000753,glycerol,,,unmatched,0.0
CID100000767,bicarbonate,,,unmatched,0.0
CID100000772,LMWH,,,unmatched,0.0
CID100000774,histamine,histamine,863,exact,1.0
CID100000785,quinol,,,unmatched,0.0
CID100000813,potassium,,,unmatched,0.0
CID100000815,kanamycin,kanamycin,1004,exact,1.0
CID100000838,epinephrine,epinephrine,652,exact,1.0
CID100000853,thyroxine,,,unmatched,0.0
CID100000861,triiodothyronine,,,unmatched,0.0
CID100000888,magnesium,,,unmatched,0.0
CID100000896,melatonin,melatonin,1142,exact,1.0
CID100000923,sodium,,,unmatched,0.0
CID100000937,niacin,niacin,1286,exact,1.0
CID100000942,nicotine,nicotine,1290,exact,1.0
CID100000946,nitrite,,,unmatched,0.0
CID100000948,nitrous,,,unmatched,0.0
CID100000951,norepinephrine,norepinephrine,1311,exact,1.0
CID100000961,hydroxyl,,,unmatched,0.0
CID100001003,phosphate,,,unmatched,0.0
CID100001046,pyrazinamide,pyrazinamide,1547,exact,1.0
CID100001054,pyridoxine,pyridoxine,1549,exact,1.0
CID100001065,quinidine,quinidine,1556,exact,1.0
CID100001071,retinol,,,unmatched,0.0
CID100001084,thiosulfate,,,unmatched,0.0
CID100001125,tetrahydrobiopterin,,,unmatched,0.0
CID100001130,thiamine,histamine,863,fuzzy,0.8235
CID100001134,thymidine,,,unmatched,0.0
CID100001206,methamphetamine,metamfetamine,1161,fuzzy,0.8571
CID100001301,naproxen,naproxen,1266,exact,1.0
CID100001546,cladribine,cladribine,392,exact,1.0
CID100001690,doxorubicin,doxorubicin,596,exact,1.0
CID100001727,4-AP,,,unmatched,0.0
CID100001775,phenytoin,phenytoin,1460,exact,1.0
CID100001798,methazolamide,methazolamide,1167,exact,1.0
CID100001805,5-azacytidine,azacitidine,148,fuzzy,0.8333
CID100001875,methylprednisolone,methylprednisolone,1191,exact,1.0
CID100001971,abacavir,abacavir,1,exact,1.0
CID100001972,amphotericin,amphotericin b,85,fuzzy,0.9231
CID100001978,acebutolol,acebutolol,12,exact,1.0
CID100001983,acetaminophen,acetaminophen,14,exact,1.0
CID100001986,acetazolamide,acetazolamide,15,exact,1.0
CID100001990,acetohydroxamic,acetohydroxamic acid,17,fuzzy,0.8571
CID100001993,methacholine,methacholine,1165,exact,1.0
CID100002019,actinomycin,dactinomycin,466,fuzzy,0.9565
CID100002021,spectinomycin,spectinomycin,1706,exact,1.0
CID100002022,acyclovir,acyclovir,25,exact,1.0
CID100002082,albendazole,albendazole,35,exact,1.0
CID100002083,salbutamol,salbutamol,1632,exact,1.0
CID100002085,Almeta,,,unmatched,0.0
CID100002088,alendronate,,,unmatched,0.0
CID100002092,alfuzosin,alfuzosin,44,exact,1.0
CID100002094,allopurinol,allopurinol,48,exact,1.0
CID100002099,alosetron,alosetron,52,exact,1.0
CID100002118,alprazolam,alprazolam,54,exact,1.0
CID100002123,hexamethylmelamine,,,unmatched,0.0
CID100002130,amantadine,amantadine,60,exact,1.0
CID100002133,amcinonide,amcinonide,63,exact,1.0
CID100002140,diatrizoate,diatrizoate,533,exact,1.0
CID100002141,amifostine,amifostine,65,exact,1.0
CID100002142,amikacin,amikacin,66,exact,1.0
CID100002145,aminoglutethimide,aminoglutethimide,71,exact,1.0
CID100002148,p-aminohippurate,,,unmatched,0.0
CID100002153,theophylline,theophylline,1791,exact,1.0
CID100002156,amiodarone,amiodarone,76,exact,1.0
CID100002159,amisulpride,amisulpride,77,exact,1.0
CID100002160,amitriptyline,amitriptyline,78,exact,1.0
CID100002161,amlexanox,,,unmatched,0.0
CID100002162,amlodipine,amlodipine,79,exact,1.0
CID100002163,amobarbital,amobarbital,81,exact,1.0
CID100002168,amorolfine,,,unmatched,0.0
CID100002170,amoxapine,amoxapine,82,exact,1.0
CID100002171,amoxicillin,amoxicillin,83,exact,1.0
CID100002173,ampicillin,ampicillin,89,exact,1.0
CID100002177,amprenavir,amprenavir,90,exact,1.0
CID100002179,amsacrine,,,unmatched,0.0
CID100002182,anagrelide,anagrelide,93,exact,1.0
CID100002187,anastrozole,anastrozole,95,exact,1.0
CID100002215,apomorphine,apomorphine,109,exact,1.0
CID100002216,apraclonidine,apraclonidine,110,exact,1.0
CID100002232,argatroban,argatroban,117,exact,1.0
CID100002244,aspirin,,,unmatched,0.0
CID100002249,atenolol,atenolol,130,exact,1.0
CID100002250,atorvastatin,atorvastatin,133,exact,1.0
CID100002265,azathioprine,azathioprine,150,exact,1.0
CID100002266,azelaic,,,unmatched,0.0
CID100002267,azelastine,azelastine,153,exact,1.0
CID100002269,azithromycin,azithromycin,157,exact,1.0
CID100002274,aztreonam,aztreonam,158,exact,1.0
CID100002284,baclofen,baclofen,162,exact,1.0
CID100002307,beclomethasone,,,unmatched,0.0
CID100002308,beclomethasone,,,unmatched,0.0
CID100002311,benazepril,benazepril,177,exact,1.0
CID100002315,bendrofluazide,bendroflumethiazide,179,fuzzy,0.8485
CID100002337,benzocaine,,,unmatched,0.0
CID100002341,benzphetamine,benzphetamine,187,exact,1.0
CID100002344,benztropine,benzatropine,181,fuzzy,0.9565
CID100002345,benzyl,,,unmatched,0.0
CID100002349,penicillin,penicillamine,1419,fuzzy,0.8696
CID100002350,bepotastine,,,unmatched,0.0
CID100002351,bepridil,bepridil,192,exact,1.0
CID100002366,betahistine,,,unmatched,0.0
CID100002367,dexamethasone,dexamethasone,513,exact,1.0
CID100002369,betaxolol,betaxolol,197,exact,1.0
CID100002370,bethanechol,bethanechol,199,exact,1.0
CID100002375,bicalutamide,bicalutamide,204,exact,1.0
CID100002391,bisacodyl,bisacodyl,212,exact,1.0
CID100002405,bisoprolol,bisoprolol,216,exact,1.0
CID100002431,bretylium,bretylium,229,exact,1.0
CID100002435,brimonidine,brimonidine,234,exact,1.0
CID100002441,bromazepam,,,unmatched,0.0
CID100002442,bromhexine,,,unmatched,0.0
CID100002443,bromocriptine,bromocriptine,243,exact,1.0
CID100002462,budesonide,budesonide,246,exact,1.0
CID100002471,bumetanide,bumetanide,248,exact,1.0
CID100002474,bupivacaine,bupivacaine,249,exact,1.0
CID100002476,buprenorphine,buprenorphine,251,exact,1.0
CID100002477,buspirone,buspirone,254,exact,1.0
CID100002478,busulfan,busulfan,255,exact,1.0
CID100002479,butabarbital,butabarbital,256,exact,1.0
CID100002484,butenafine,,,unmatched,0.0
CID100002487,butorphanol,butorphanol,258,exact,1.0
CID100002512,cabergoline,cabergoline,260,exact,1.0
CID100002519,caffeine,caffeine,263,exact,1.0
CID100002520,verapamil,verapamil,1928,exact,1.0
CID100002522,calcipotriol,calcipotriol,266,exact,1.0
CID100002524,"1,25(OH)2D3",,,unmatched,0.0
CID100002540,candesartan,candesartan,2025,exact,1.0
CID100002541,candesartan,candesartan,2025,exact,1.0
CID100002547,capreomycin,capreomycin,288,exact,1.0
CID100002548,capsaicin,,,unmatched,0.0
CID100002550,captopril,captopril,292,exact,1.0
CID100002551,carbachol,,,unmatched,0.0
CID100002554,carbamazepine,carbamazepine,293,exact,1.0
CID100002559,carbenicillin,carbenicillin,295,exact,1.0
CID100002563,carbidopa,,,unmatched,0.0
CID100002564,carbinoxamine,carbinoxamine,297,exact,1.0
CID100002576,carisoprodol,carisoprodol,301,exact,1.0
CID100002578,BCNU,,,unmatched,0.0
CID100002583,carteolol,carteolol,303,exact,1.0
CID100002585,carvedilol,carvedilol,305,exact,1.0
CID100002609,cefaclor,cefaclor,309,exact,1.0
CID100002610,cefadroxil,cefadroxil,310,exact,1.0
CID100002617,cefazolin,cefazolin,314,exact,1.0
CID100002622,cefepime,cefepime,317,exact,1.0
CID100002631,cefotaxime,cefotaxime,323,exact,1.0
CID100002637,cefoxitin,cefoxitin,325,exact,1.0
CID100002646,cefprozil,cefprozil,327,exact,1.0
CID100002650,ceftazidime,ceftazidime,330,exact,1.0
CID100002654,cephem,,,unmatched,0.0
CID100002655,ceftizoxime,ceftizoxime,332,exact,1.0
CID100002656,ceftriaxone,ceftriaxone,334,exact,1.0
CID100002658,cefuroxime,cefuroxime,335,exact,1.0
CID100002662,celecoxib,celecoxib,336,exact,1.0
CID100002663,celiprolol,,,unmatched,0.0
CID100002666,cephalexin,cephalexin,339,exact,1.0
CID100002675,cefixime,cefixime,319,exact,1.0
CID100002676,cerivastatin,cerivastatin,341,exact,1.0
CID100002678,cetirizine,cetirizine,343,exact,1.0
CID100002684,cevimeline,cevimeline,346,exact,1.0
CID100002708,chlorambucil,chlorambucil,350,exact,1.0
CID100002712,chlordiazepoxide,chlordiazepoxide,355,exact,1.0
CID100002713,chlorhexidine,chlorhexidine,356,exact,1.0
CID100002719,chloroquine,chloroquine,359,exact,1.0
CID100002720,thiazide,,,unmatched,0.0
CID100002725,chlorpheniramine,chlorpheniramine,362,exact,1.0
CID100002726,chlorpromazine,chlorpromazine,363,exact,1.0
CID100002727,chlorpropamide,chlorpropamide,364,exact,1.0
CID100002732,chlorthalidone,chlorthalidone,365,exact,1.0
CID100002733,chlorzoxazone,chlorzoxazone,366,exact,1.0
CID100002749,ciclopirox,ciclopirox,377,exact,1.0
CID100002751,cilazapril,,,unmatched,0.0
CID100002754,cilostazol,cilostazol,379,exact,1.0
CID100002756,cimetidine,cimetidine,380,exact,1.0
CID100002762,cinoxacin,cinoxacin,383,exact,1.0
CID100002764,ciprofloxacin,ciprofloxacin,384,exact,1.0
CID100002767,cisplatin,cisplatin,387,exact,1.0
CID100002771,citalopram,citalopram,388,exact,1.0
CID100002781,clemastine,clemastine,395,exact,1.0
CID100002786,clindamycin,clindamycin,398,exact,1.0
CID100002789,clobazam,clobazam,401,exact,1.0
CID100002791,clobetasol,clobetasol,402,exact,1.0
CID100002792,clobetasone,clobetasol,402,fuzzy,0.8571
CID100002794,clofazimine,clofazimine,406,exact,1.0
CID100002800,clomiphene,clomifene,409,fuzzy,0.8421
CID100002801,clomipramine,clomipramine,410,exact,1.0
CID100002802,clonazepam,clonazepam,411,exact,1.0
CID100002803,clonidine,clonidine,412,exact,1.0
CID100002806,clopidogrel,clopidogrel,413,exact,1.0
CID100002809,clorazepate,,,unmatched,0.0
CID100002812,clotrimazole,clotrimazole,416,exact,1.0
CID100002818,clozapine,clozapine,419,exact,1.0
CID100002826,cocaine,,,unmatched,0.0
CID100002828,codeine,codeine,429,exact,1.0
CID100002833,colchicine,colchicine,431,exact,1.0
CID100002881,sodium,,,unmatched,0.0
CID100002883,crotamiton,,,unmatched,0.0
CID100002891,cyanocobalamin,cyanocobalamin,451,exact,1.0
CID100002895,cyclobenzaprine,cyclobenzaprine,454,exact,1.0
CID100002905,cyclopentolate,,,unmatched,0.0
CID100002907,cyclophosphamide,cyclophosphamide,456,exact,1.0
CID100002909,v,,,unmatched,0.0
CID100002913,cyproheptadine,cyproheptadine,459,exact,1.0
CID100002914,cyproterone,,,unmatched,0.0
CID100002949,danazol,danazol,472,exact,1.0
CID100002951,dantrolene,dantrolene,473,exact,1.0
CID100002955,dapsone,dapsone,475,exact,1.0
CID100002958,anthracycline,,,unmatched,0.0
CID100002972,deferiprone,deferiprone,489,exact,1.0
CID100002973,deferoxamine,deferoxamine,490,exact,1.0
CID100002978,delta,,,unmatched,0.0
CID100002995,desipramine,desipramine,504,exact,1.0
CID100003000,desoximetasone,,,unmatched,0.0
CID100003003,dexamethasone,dexamethasone,513,exact,1.0
CID100003007,amphetamine,amphetamine,84,exact,1.0
CID100003008,dextromethorphan,dextromethorphan,527,exact,1.0
CID100003009,DFMO,,,unmatched,0.0
CID100003015,cyproterone,,,unmatched,0.0
CID100003016,diazepam,diazepam,534,exact,1.0
CID100003019,diazoxide,diazoxide,535,exact,1.0
CID100003032,diclofenac,diclofenac,537,exact,1.0
CID100003038,dichlorphenamide,diclofenamide,540,fuzzy,0.8276
CID100003040,dicloxacillin,dicloxacillin,541,exact,1.0
CID100003042,dicyclomine,dicyclomine,543,exact,1.0
CID100003043,didanosine,didanosine,544,exact,1.0
CID100003053,diethylenetriaminepentaacetic,,,unmatched,0.0
CID100003056,diflorasone,,,unmatched,0.0
CID100003059,diflunisal,diflunisal,551,exact,1.0
CID100003060,epitopic,,,unmatched,0.0
CID100003062,digoxin,digoxin,554,exact,1.0
CID100003063,dihydrocodeine,dihydrocodeine,556,exact,1.0
CID100003066,dihydroergotamine,dihydroergotamine,557,exact,1.0
CID100003075,diltiazem,diltiazem,561,exact,1.0
CID100003080,dimercaprol,dimercaprol,563,exact,1.0
CID100003100,diphenhydramine,diphenhydramine,569,exact,1.0
CID100003105,dipivefrin,,,unmatched,0.0
CID100003108,dipyridamole,dipyridamole,573,exact,1.0
CID100003114,disopyramide,disopyramide,575,exact,1.0
CID100003117,disulfiram,disulfiram,576,exact,1.0
CID100003121,valproate,,,unmatched,0.0
CID100003125,alpha-methyl-p-tyrosine,,,unmatched,0.0
CID100003143,docetaxel,docetaxel,578,exact,1.0
CID100003148,dolasetron,dolasetron,581,exact,1.0
CID100003151,domperidone,,,unmatched,0.0
CID100003152,donepezil,donepezil,583,exact,1.0
CID100003154,dorzolamide,,,unmatched,0.0
CID100003155,dothiepin,,,unmatched,0.0
CID100003156,doxapram,doxapram,591,exact,1.0
CID100003157,doxazosin,doxazosin,592,exact,1.0
CID100003158,doxepin,doxepin,593,exact,1.0
CID100003168,droperidol,droperidol,603,exact,1.0
CID100003171,L-threo-DOPS,,,unmatched,0.0
CID100003182,dyphylline,dyphylline,613,exact,1.0
CID100003198,econazole,econazole,616,exact,1.0
CID100003199,trabectedin,trabectedin,1840,exact,1.0
CID100003202,edrophonium,edrophonium,622,exact,1.0
CID100003203,efavirenz,efavirenz,624,exact,1.0
CID100003209,eicosapentaenoic,,,unmatched,0.0
CID100003219,emedastine,,,unmatched,0.0
CID100003222,CAS,,,unmatched,0.0
CID100003226,enflurane,enflurane,641,exact,1.0
CID100003241,epinastine,,,unmatched,0.0
CID100003249,vitamin,vitamin e,1943,fuzzy,0.875
CID100003250,ergonovine,,,unmatched,0.0
CID100003251,ergotamine,ergotamine,665,exact,1.0
CID100003255,erythromycin,erythromycin,670,exact,1.0
CID100003256,monomycin,neomycin,1277,fuzzy,0.8235
CID100003261,estazolam,estazolam,677,exact,1.0
CID100003263,estradiol,estradiol,679,exact,1.0
CID100003267,estradiol,estradiol,679,exact,1.0
CID100003268,estramustine,estramustine,681,exact,1.0
CID100003269,estriol,estradiol,679,fuzzy,0.875
CID100003278,ethacrynic,,,unmatched,0.0
CID100003279,ethambutol,ethambutol,689,exact,1.0
CID100003291,ethosuximide,ethosuximide,695,exact,1.0
CID100003292,ethotoin,ethotoin,696,exact,1.0
CID100003305,etidronate,,,unmatched,0.0
CID100003308,etodolac,etodolac,699,exact,1.0
CID100003310,etoposide,etoposide,702,exact,1.0
CID100003324,famciclovir,famciclovir,711,exact,1.0
CID100003325,famotidine,famotidine,712,exact,1.0
CID100003331,felbamate,felbamate,715,exact,1.0
CID100003333,felodipine,felodipine,716,exact,1.0
CID100003339,fenofibrate,fenofibrate,718,exact,1.0
CID100003340,fenoldopam,fenoldopam,720,exact,1.0
CID100003342,fenoprofen,fenoprofen,721,exact,1.0
CID100003345,fentanyl,fentanyl,722,exact,1.0
CID100003348,fexofenadine,fexofenadine,732,exact,1.0
CID100003350,finasteride,finasteride,736,exact,1.0
CID100003354,flavoxate,flavoxate,738,exact,1.0
CID100003355,flecainide,flecainide,740,exact,1.0
CID100003363,FdUrd,,,unmatched,0.0
CID100003364,flucloxacillin,cloxacillin,418,fuzzy,0.88
CID100003365,fluconazole,fluconazole,743,exact,1.0
CID100003366,5-fluorocytosine,,,unmatched,0.0
CID100003367,fludarabine,fludarabine,745,exact,1.0
CID100003368,FAMP,,,unmatched,0.0
CID100003370,fludrocortisone,fludrocortisone,747,exact,1.0
CID100003372,fluphenazine,fluphenazine,760,exact,1.0
CID100003373,flumazenil,flumazenil,748,exact,1.0
CID100003375,flumethasone,,,unmatched,0.0
CID100003379,flunisolide,flunisolide,749,exact,1.0
CID100003380,flunitrazepam,nitrazepam,1301,fuzzy,0.8696
CID100003381,fluocinolone,fluocinonide,752,fuzzy,0.8333
CID100003382,fluocinonide,fluocinonide,752,exact,1.0
CID100003384,fluorometholone,fluorometholone,755,exact,1.0
CID100003385,5-FU,,,unmatched,0.0
CID100003386,fluoxetine,fluoxetine,758,exact,1.0
CID100003387,fluoxymesterone,fluoxymesterone,759,exact,1.0
CID100003388,fluphenazine,fluphenazine,760,exact,1.0
CID100003392,flurandrenolone,,,unmatched,0.0
CID100003393,flurazepam,flurazepam,762,exact,1.0
CID100003394,flurbiprofen,flurbiprofen,763,exact,1.0
CID100003397,flutamide,flutamide,765,exact,1.0
CID100003399,fluticasone,fluticasone,766,exact,1.0
CID100003403,fluvastatin,fluvastatin,769,exact,1.0
CID100003404,fluvoxamine,fluvoxamine,770,exact,1.0
CID100003405,folate,,,unmatched,0.0
CID100003406,4-methylpyrazole,,,unmatched,0.0
CID100003410,formoterol,formoterol,776,exact,1.0
CID100003414,foscarnet,foscarnet,779,exact,1.0
CID100003417,fosfomycin,fosfomycin,780,exact,1.0
CID100003419,fosinopril,fosinopril,781,exact,1.0
CID100003425,Romidepsin,Romidepsin,1616,exact,1.0
CID100003440,furosemide,furosemide,790,exact,1.0
CID100003443,fusidic,,,unmatched,0.0
CID100003446,gabapentin,gabapentin,791,exact,1.0
CID100003449,galantamine,galantamine,802,exact,1.0
CID100003454,ganciclovir,ganciclovir,806,exact,1.0
CID100003461,gemcitabine,gemcitabine,811,exact,1.0
CID100003462,gemeprost,,,unmatched,0.0
CID100003463,gemfibrozil,gemfibrozil,812,exact,1.0
CID100003467,gentamicin,gentamicin,815,exact,1.0
CID100003475,gliclazide,,,unmatched,0.0
CID100003476,glimepiride,glimepiride,825,exact,1.0
CID100003478,glipizide,glipizide,826,exact,1.0
CID100003488,glibenclamide,,,unmatched,0.0
CID100003494,glycopyrrolate,,,unmatched,0.0
CID100003510,granisetron,granisetron,840,exact,1.0
CID100003512,griseofulvin,griseofulvin,843,exact,1.0
CID100003516,guaifenesin,,,unmatched,0.0
CID100003517,icodextrin,,,unmatched,0.0
CID100003519,guanfacine,guanfacine,847,exact,1.0
CID100003520,guanidinium,,,unmatched,0.0
CID100003553,halcinonide,amcinonide,63,fuzzy,0.8571
CID100003559,haloperidol,haloperidol,853,exact,1.0
CID100003598,hexachlorophene,,,unmatched,0.0
CID100003623,homatropine,homatropine,865,exact,1.0
CID100003636,Buscopan,,,unmatched,0.0
CID100003637,hydralazine,hydralazine,882,exact,1.0
CID100003639,hydrochlorothiazide,hydrochlorothiazide,883,exact,1.0
CID100003640,cortisol,,,unmatched,0.0
CID100003642,hydrocortisone,hydrocortisone,885,exact,1.0
CID100003647,hydroflumethiazide,hydroflumethiazide,889,exact,1.0
CID100003648,hydromorphone,hydromorphone,890,exact,1.0
CID100003652,hydroxychloroquine,hydroxychloroquine,893,exact,1.0
CID100003657,hydroxyurea,hydroxyurea,894,exact,1.0
CID100003658,hydroxyzine,hydroxyzine,895,exact,1.0
CID100003661,atropine,atropine,136,exact,1.0
CID100003672,ibuprofen,ibuprofen,900,exact,1.0
CID100003675,phenelzine,phenelzine,1440,exact,1.0
CID100003676,lidocaine,lidocaine,1066,exact,1.0
CID100003685,idarubicin,idarubicin,904,exact,1.0
CID100003687,IdUrd,,,unmatched,0.0
CID100003690,ifosfamide,ifosfamide,906,exact,1.0
CID100003696,imipramine,imipramine,912,exact,1.0
CID100003702,indapamide,indapamide,916,exact,1.0
CID100003706,indinavir,indinavir,917,exact,1.0
CID100003715,indomethacin,indomethacin,921,exact,1.0
CID100003724,iodixanol,iodixanol,958,exact,1.0
CID100003730,iohexol,iohexol,960,exact,1.0
CID100003734,iopamidol,iopamidol,961,exact,1.0
CID100003736,iopromide,iopromide,964,exact,1.0
CID100003737,sodium,,,unmatched,0.0
CID100003738,iotrolan,,,unmatched,0.0
CID100003739,iodipamide,iodipamide,957,exact,1.0
CID100003741,ioversol,ioversol,966,exact,1.0
CID100003742,ioxaglate,,,unmatched,0.0
CID100003743,ioxilan,ioxilan,967,exact,1.0
CID100003746,ipratropium,ipratropium,970,exact,1.0
CID100003749,irbesartan,irbesartan,972,exact,1.0
CID100003750,irinotecan,irinotecan,973,exact,1.0
CID100003759,isocarboxazid,isocarboxazid,981,exact,1.0
CID100003763,isoflurane,isoflurane,983,exact,1.0
CID100003767,isoniazid,isoniazid,986,exact,1.0
CID100003777,isopropyl,,,unmatched,0.0
CID100003779,isoproterenol,,,unmatched,0.0
CID100003780,isosorbide,isosorbide,988,exact,1.0
CID100003783,isoxsuprine,isoxsuprine,992,exact,1.0
CID100003784,isradipine,isradipine,993,exact,1.0
CID100003793,itraconazole,itraconazole,995,exact,1.0
CID100003821,ketamine,ketamine,1007,exact,1.0
CID100003823,ketoconazole,ketoconazole,1008,exact,1.0
CID100003825,ketoprofen,ketoprofen,1009,exact,1.0
CID100003826,ketorolac,ketorolac,1010,exact,1.0
CID100003827,ketotifen,ketotifen,1012,exact,1.0
CID100003830,cytokinin,,,unmatched,0.0
CID100003848,phenyllactate,,,unmatched,0.0
CID100003869,labetalol,labetalol,1013,exact,1.0
CID100003872,lactulose,lactulose,1018,exact,1.0
CID100003877,lamivudine,lamivudine,1019,exact,1.0
CID100003878,lamotrigine,lamotrigine,1020,exact,1.0
CID100003883,lansoprazole,lansoprazole,1022,exact,1.0
CID100003890,latanoprost,latanoprost,1028,exact,1.0
CID100003899,leflunomide,leflunomide,1033,exact,1.0
CID100003902,letrozole,letrozole,1040,exact,1.0
CID100003911,Leuprorelin,,,unmatched,0.0
CID100003914,levobunolol,levobunolol,1049,exact,1.0
CID100003915,levocabastine,,,unmatched,0.0
CID100003916,levomepromazine,,,unmatched,0.0
CID100003918,dextrorphan,,,unmatched,0.0
CID100003928,lincomycin,lincomycin,1071,exact,1.0
CID100003929,linezolid,linezolid,1073,exact,1.0
CID100003937,Lisinopril,Lisinopril,1079,exact,1.0
CID100003938,lisuride,,,unmatched,0.0
CID100003939,LiOH,,,unmatched,0.0
CID100003948,lomefloxacin,lomefloxacin,1084,exact,1.0
CID100003950,lomustine,lomustine,1086,exact,1.0
CID100003954,loperamide,loperamide,1088,exact,1.0
CID100003957,loratadine,loratadine,1091,exact,1.0
CID100003958,lorazepam,lorazepam,1092,exact,1.0
CID100003961,losartan,losartan,1095,exact,1.0
CID100003962,lovastatin,lovastatin,1098,exact,1.0
CID100003964,loxapine,loxapine,1099,exact,1.0
CID100003998,mafenide,,,unmatched,0.0
CID100004004,malathion,,,unmatched,0.0
CID100004011,maprotiline,maprotiline,1124,exact,1.0
CID100004030,mebendazole,mebendazole,1128,exact,1.0
CID100004031,mebeverine,,,unmatched,0.0
CID100004032,mecamylamine,mecamylamine,1130,exact,1.0
CID100004033,nitrogen,,,unmatched,0.0
CID100004034,monamine,,,unmatched,0.0
CID100004036,meclofenamate,,,unmatched,0.0
CID100004042,medroxyprogesterone,medroxyprogesterone acetate,1137,fuzzy,0.8261
CID100004043,medrysone,,,unmatched,0.0
CID100004044,mefenamic,,,unmatched,0.0
CID100004046,mefloquine,mefloquine,1140,exact,1.0
CID100004048,megestrol,,,unmatched,0.0
CID100004051,meloxicam,meloxicam,1143,exact,1.0
CID100004053,melphalan,melphalan,1144,exact,1.0
CID100004054,memantine,memantine,1146,exact,1.0
CID100004057,Cantril,,,unmatched,0.0
CID100004058,meperidine,meperidine,1150,exact,1.0
CID100004060,mephenytoin,mephenytoin,1152,exact,1.0
CID100004062,mepivacaine,mepivacaine,1153,exact,1.0
CID100004064,meprobamate,meprobamate,1154,exact,1.0
CID100004075,5-ASA,,,unmatched,0.0
CID100004086,metaproterenol,,,unmatched,0.0
CID100004091,metformin,metformin,1164,exact,1.0
CID100004095,methadone,methadone,1166,exact,1.0
CID100004101,methenamine,methenamine,1169,exact,1.0
CID100004107,methocarbamol,methocarbamol,1172,exact,1.0
CID100004112,methotrexate,methotrexate,1174,exact,1.0
CID100004114,8-MOP,,,unmatched,0.0
CID100004120,N-methylscopolamine,methscopolamine,1180,fuzzy,0.8824
CID100004121,methyclothiazide,methyclothiazide,2066,exact,1.0
CID100004138,methyldopa,methyldopa,1185,exact,1.0
CID100004139,methylene,,,unmatched,0.0
CID100004140,methylergometrine,methylergometrine,1187,exact,1.0
CID100004158,methylphenidate,methylphenidate,1189,exact,1.0
CID100004159,methylprednisolone,methylprednisolone,1191,exact,1.0
CID100004160,methyltestosterone,methyltestosterone,1193,exact,1.0
CID100004163,methysergide,methysergide,1194,exact,1.0
CID100004168,metoclopramide,metoclopramide,1197,exact,1.0
CID100004170,metolazone,metolazone,1199,exact,1.0
CID100004171,metoprolol,metoprolol,1200,exact,1.0
CID100004173,metronidazole,metronidazole,1202,exact,1.0
CID100004174,metyrapone,metyrapone,1204,exact,1.0
CID100004178,mexiletine,mexiletine,1206,exact,1.0
CID100004184,mianserin,,,unmatched,0.0
CID100004189,miconazole,miconazole,1209,exact,1.0
CID100004192,midazolam,midazolam,1212,exact,1.0
CID100004195,midodrine,midodrine,1213,exact,1.0
CID100004196,mifepristone,mifepristone,1215,exact,1.0
CID100004197,milrinone,milrinone,1221,exact,1.0
CID100004201,minoxidil,minoxidil,1226,exact,1.0
CID100004205,mirtazapine,mirtazapine,1230,exact,1.0
CID100004211,mitotane,mitotane,1233,exact,1.0
CID100004212,mitoxantrone,mitoxantrone,1234,exact,1.0
CID100004235,moclobemide,,,unmatched,0.0
CID100004236,modafinil,modafinil,1236,exact,1.0
CID100004240,mometasone,mometasone,2058,exact,1.0
CID100004248,montelukast,montelukast,1242,exact,1.0
CID100004253,morphine,morphine,1244,exact,1.0
CID100004259,moxifloxacin,moxifloxacin,1247,exact,1.0
CID100004264,mupirocin,mupirocin,1249,exact,1.0
CID100004271,mycophenolate,,,unmatched,0.0
CID100004272,mycophenolic,mycophenolic acid,1252,fuzzy,0.8276
CID100004274,tetrofosmin,tetrofosmin,1786,exact,1.0
CID100004409,nabumetone,nabumetone,1254,exact,1.0
CID100004411,nadolol,nadolol,1255,exact,1.0
CID100004419,nalbuphine,nalbuphine,1257,exact,1.0
CID100004421,nalidixic,,,unmatched,0.0
CID100004422,nalmefene,nalmefene,1260,exact,1.0
CID100004425,naloxone,naloxone,1262,exact,1.0
CID100004428,naltrexone,naltrexone,1263,exact,1.0
CID100004432,nandrolone,oxandrolone,1357,fuzzy,0.8571
CID100004436,naphazoline,,,unmatched,0.0
CID100004440,naratriptan,naratriptan,1267,exact,1.0
CID100004443,nateglinide,nateglinide,1269,exact,1.0
CID100004449,nefazodone,nefazodone,1274,exact,1.0
CID100004450,nefopam,,,unmatched,0.0
CID100004451,nelfinavir,nelfinavir,1276,exact,1.0
CID100004454,neomycin,neomycin,1277,exact,1.0
CID100004456,neostigmine,neostigmine,1279,exact,1.0
CID100004463,nevirapine,nevirapine,1285,exact,1.0
CID100004473,nicardipine,nicardipine,1287,exact,1.0
CID100004485,nifedipine,nifedipine,1291,exact,1.0
CID100004493,nilutamide,nilutamide,1294,exact,1.0
CID100004497,nimodipine,nimodipine,1295,exact,1.0
CID100004499,nisoldipine,nisoldipine,1298,exact,1.0
CID100004506,nitrazepam,nitrazepam,1301,exact,1.0
CID100004509,nitrofurantoin,nitrofurantoin,1303,exact,1.0
CID100004510,nitroglycerin,nitroglycerin,1304,exact,1.0
CID100004513,nizatidine,nizatidine,1309,exact,1.0
CID100004536,norethisterone,norethisterone,1312,exact,1.0
CID100004539,norfloxacin,norfloxacin,1313,exact,1.0
CID100004542,levonorgestrel,levonorgestrel,1061,exact,1.0
CID100004543,nortriptyline,nortriptyline,1316,exact,1.0
CID100004547,repaglinide,repaglinide,1581,exact,1.0
CID100004568,nystatin,nystatin,1318,exact,1.0
CID100004583,ofloxacin,ofloxacin,1325,exact,1.0
CID100004585,olanzapine,olanzapine,1326,exact,1.0
CID100004594,omeprazole,omeprazole,1340,exact,1.0
CID100004595,ondansetron,ondansetron,1342,exact,1.0
CID100004599,orlistat,orlistat,1348,exact,1.0
CID100004601,orphenadrine,orphenadrine,1349,exact,1.0
CID100004603,oseltamivir,oseltamivir,1350,exact,1.0
CID100004607,oxacillin,oxacillin,1354,exact,1.0
CID100004609,oxaliplatin,oxaliplatin,1355,exact,1.0
CID100004614,oxaprozin,oxaprozin,1358,exact,1.0
CID100004616,oxazepam,oxazepam,1359,exact,1.0
CID100004623,oxiconazole,voriconazole,1946,fuzzy,0.8696
CID100004631,oxprenolol,,,unmatched,0.0
CID100004634,oxybutynin,oxybutynin,1365,exact,1.0
CID100004635,oxycodone,oxycodone,1366,exact,1.0
CID100004638,oxymetholone,oxymetholone,1371,exact,1.0
CID100004639,oxymorphone,oxymorphone,1372,exact,1.0
CID100004649,APAs,,,unmatched,0.0
CID100004666,paclitaxel,paclitaxel,1377,exact,1.0
CID100004673,pamidronate,,,unmatched,0.0
CID100004675,pancuronium,pancuronium,1385,exact,1.0
CID100004678,dexpanthenol,,,unmatched,0.0
CID100004679,pantoprazole,pantoprazole,1388,exact,1.0
CID100004680,papaverine,papaverine,1389,exact,1.0
CID100004689,paromomycin,paromomycin,1396,exact,1.0
CID100004691,paroxetine,paroxetine,1397,exact,1.0
CID100004695,isosulfan,,,unmatched,0.0
CID100004724,penbutolol,penbutolol,1417,exact,1.0
CID100004725,penciclovir,,,unmatched,0.0
CID100004727,D-penicillamine,penicillamine,1419,fuzzy,0.9286
CID100004730,penicillin,penicillamine,1419,fuzzy,0.8696
CID100004735,pentamidine,pentamidine,1420,exact,1.0
CID100004736,pentazocine,pentazocine,1421,exact,1.0
CID100004737,pentobarbital,pentobarbital,1423,exact,1.0
CID100004739,pentostatin,pentostatin,1425,exact,1.0
CID100004740,pentoxifylline,pentoxifylline,1426,exact,1.0
CID100004745,pergolide,pergolide,1430,exact,1.0
CID100004746,perhexiline,,,unmatched,0.0
CID100004747,propericiazine,,,unmatched,0.0
CID100004748,perphenazine,perphenazine,1432,exact,1.0
CID100004756,phenylazo,,,unmatched,0.0
CID100004763,phenobarbital,phenobarbital,1442,exact,1.0
CID100004768,phenoxybenzamine,phenoxybenzamine,1444,exact,1.0
CID100004771,phentermine,phentermine,1447,exact,1.0
CID100004775,4-PBA,,,unmatched,0.0
CID100004782,phenylephrine,phenylephrine,1453,exact,1.0
CID100004786,phenylpropanolamine,phenylpropanolamine,1458,exact,1.0
CID100004810,moxonidine,,,unmatched,0.0
CID100004811,physostigmine,physostigmine,1462,exact,1.0
CID100004812,vitamin,vitamin e,1943,fuzzy,0.875
CID100004819,pilocarpine,pilocarpine,1465,exact,1.0
CID100004828,pindolol,pindolol,1471,exact,1.0
CID100004829,pioglitazone,pioglitazone,1472,exact,1.0
CID100004834,piperacillin,piperacillin,1474,exact,1.0
CID100004845,pirbuterol,pirbuterol,1476,exact,1.0
CID100004865,podophyllotoxin,,,unmatched,0.0
CID100004868,polymyxin,polymyxin b,1489,fuzzy,0.9
CID100004870,polythiazide,polythiazide,1490,exact,1.0
CID100004885,pramipexole,pramipexole,1505,exact,1.0
CID100004889,pravastatin,pravastatin,1509,exact,1.0
CID100004891,praziquantel,praziquantel,1510,exact,1.0
CID100004893,prazosin,prazosin,1511,exact,1.0
CID100004894,prednisolone,prednisolone,1513,exact,1.0
CID100004895,prednisolone,prednisolone,1513,exact,1.0
CID100004896,prednisolone,prednisolone,1513,exact,1.0
CID100004900,prednisone,prednisone,1515,exact,1.0
CID100004906,prilocaine,prilocaine,1518,exact,1.0
CID100004908,primaquine,primaquine,1520,exact,1.0
CID100004909,primidone,primidone,1521,exact,1.0
CID100004911,probenecid,probenecid,1522,exact,1.0
CID100004913,procainamide,procainamide,1524,exact,1.0
CID100004914,procaine,procaine,1525,exact,1.0
CID100004915,procarbazine,procarbazine,1526,exact,1.0
CID100004917,prochlorperazine,prochlorperazine,1527,exact,1.0
CID100004920,progesterone,progesterone,1529,exact,1.0
CID100004923,proguanil,proguanil,1531,exact,1.0
CID100004927,promethazine,promethazine,1533,exact,1.0
CID100004932,propafenone,propafenone,1534,exact,1.0
CID100004934,propantheline,propantheline,1535,exact,1.0
CID100004935,proparacaine,,,unmatched,0.0
CID100004943,propofol,propofol,1538,exact,1.0
CID100004946,propranolol,propranolol,1539,exact,1.0
CID100004976,protriptyline,protriptyline,1543,exact,1.0
CID100004989,pyrantel,pyrantel,1546,exact,1.0
CID100004991,pyridostigmine,pyridostigmine,1548,exact,1.0
CID100004992,mepyramine,mepyramine,1155,exact,1.0
CID100004993,pyrimethamine,pyrimethamine,1550,exact,1.0
CID100004999,quazepam,quazepam,1552,exact,1.0
CID100005002,quetiapine,quetiapine,1553,exact,1.0
CID100005005,quinapril,quinapril,1554,exact,1.0
CID100005029,rabeprazole,rabeprazole,1559,exact,1.0
CID100005032,ephedrine,ephedrine,650,exact,1.0
CID100005035,raloxifene,raloxifene,1562,exact,1.0
CID100005038,ramipril,ramipril,1565,exact,1.0
CID100005039,ranitidine,ranitidine,1568,exact,1.0
CID100005040,rapamycin,,,unmatched,0.0
CID100005051,rescinnamine,,,unmatched,0.0
CID100005052,reserpine,reserpine,1582,exact,1.0
CID100005064,ribavirin,ribavirin,1587,exact,1.0
CID100005070,riluzole,riluzole,1596,exact,1.0
CID100005071,rimantadine,rimantadine,1597,exact,1.0
CID100005073,risperidone,risperidone,1605,exact,1.0
CID100005076,ritonavir,ritonavir,1607,exact,1.0
CID100005077,rivastigmine,rivastigmine,1610,exact,1.0
CID100005078,rizatriptan,rizatriptan,1611,exact,1.0
CID100005090,rofecoxib,rofecoxib,1613,exact,1.0
CID100005095,ropinirole,ropinirole,1619,exact,1.0
CID100005106,roxithromycin,,,unmatched,0.0
CID100005152,salmeterol,salmeterol,1635,exact,1.0
CID100005155,stavudine,stavudine,1710,exact,1.0
CID100005161,salsalate,salsalate,1637,exact,1.0
CID100005184,scopolamine,scopolamine,1647,exact,1.0
CID100005193,secobarbital,secobarbital,1650,exact,1.0
CID100005195,deprenyl,,,unmatched,0.0
CID100005203,sertraline,sertraline,1662,exact,1.0
CID100005206,sevoflurane,sevoflurane,1664,exact,1.0
CID100005210,sibutramine,sibutramine,1665,exact,1.0
CID100005212,sildenafil,sildenafil,1666,exact,1.0
CID100005214,silver,,,unmatched,0.0
CID100005215,sulfadiazine,sulfadiazine,1721,exact,1.0
CID100005238,sodium,,,unmatched,0.0
CID100005245,risedronate,,,unmatched,0.0
CID100005248,sodium,,,unmatched,0.0
CID100005253,sotalol,sotalol,1704,exact,1.0
CID100005257,sparfloxacin,sparfloxacin,1705,exact,1.0
CID100005267,spironolactone,spironolactone,1707,exact,1.0
CID100005291,imatinib,imatinib,909,exact,1.0
CID100005297,streptomycin,streptomycin,1713,exact,1.0
CID100005300,streptozotocin,streptozocin,1714,fuzzy,0.9231
CID100005311,vorinostat,vorinostat,1947,exact,1.0
CID100005314,succinylcholine,succinylcholine,1716,exact,1.0
CID100005318,sulconazole,,,unmatched,0.0
CID100005320,sulfacetamide,,,unmatched,0.0
CID100005329,sulfamethoxazole,sulfamethoxazole,1724,exact,1.0
CID100005333,sulfonamide,,,unmatched,0.0
CID100005352,sulindac,sulindac,1729,exact,1.0
CID100005358,sumatriptan,sumatriptan,1730,exact,1.0
CID100005359,suprofen,ibuprofen,900,fuzzy,0.8235
CID100005372,tacrolimus,tacrolimus,1735,exact,1.0
CID100005376,tamoxifen,tamoxifen,1744,exact,1.0
CID100005379,gatifloxacin,gatifloxacin,809,exact,1.0
CID100005381,tazarotene,tazarotene,1748,exact,1.0
CID100005391,temazepam,temazepam,1761,exact,1.0
CID100005394,temozolomide,temozolomide,1762,exact,1.0
CID100005396,teniposide,teniposide,1765,exact,1.0
CID100005401,terazosin,terazosin,1767,exact,1.0
CID100005402,terbinafine,terbinafine,1768,exact,1.0
CID100005403,terbutaline,terbutaline,1769,exact,1.0
CID100005404,terconazole,econazole,616,fuzzy,0.9
CID100005407,testolactone,testolactone,1774,exact,1.0
CID100005408,testosterone,testosterone,1775,exact,1.0
CID100005409,testosterone,testosterone,1775,exact,1.0
CID100005410,testosterone,testosterone,1775,exact,1.0
CID100005411,tetracaine,tetracaine,1779,exact,1.0
CID100005419,tetrahydrozoline,,,unmatched,0.0
CID100005426,thalidomide,thalidomide,1789,exact,1.0
CID100005430,thiabendazole,thiabendazole,1792,exact,1.0
CID100005452,thioridazine,thioridazine,1796,exact,1.0
CID100005453,thiotepa,thiotepa,1797,exact,1.0
CID100005454,thiothixene,thiothixene,1798,exact,1.0
CID100005466,tiagabine,tiagabine,1801,exact,1.0
CID100005468,tiaprofenic,,,unmatched,0.0
CID100005470,tibolone,,,unmatched,0.0
CID100005472,ticlopidine,ticlopidine,1804,exact,1.0
CID100005478,timolol,timolol,1809,exact,1.0
CID100005479,tinidazole,tinidazole,1811,exact,1.0
CID100005483,tiopronin,,,unmatched,0.0
CID100005486,tirofiban,tirofiban,1818,exact,1.0
CID100005487,tizanidine,tizanidine,1821,exact,1.0
CID100005496,tobramycin,tobramycin,1822,exact,1.0
CID100005503,tolazamide,tolazamide,1826,exact,1.0
CID100005505,tolbutamide,tolbutamide,1828,exact,1.0
CID100005508,tolmetin,tolmetin,1831,exact,1.0
CID100005512,tolterodine,tolterodine,1832,exact,1.0
CID100005514,topiramate,topiramate,1834,exact,1.0
CID100005515,topotecan,topotecan,1835,exact,1.0
CID100005516,toremifene,toremifene,1837,exact,1.0
CID100005523,tramadol,tramadol,1841,exact,1.0
CID100005524,tramazoline,,,unmatched,0.0
CID100005525,trandolapril,trandolapril,1843,exact,1.0
CID100005526,tranexamic,,,unmatched,0.0
CID100005530,tranylcypromine,tranylcypromine,1845,exact,1.0
CID100005533,trazodone,trazodone,1851,exact,1.0
CID100005538,retinoic,tretinoin,1853,fuzzy,0.8235
CID100005544,triamcinolone,triamcinolone,1855,exact,1.0
CID100005546,triamterene,triamterene,1859,exact,1.0
CID100005556,triazolam,triazolam,1860,exact,1.0
CID100005564,triclosan,,,unmatched,0.0
CID100005565,trien,,,unmatched,0.0
CID100005566,trifluoperazine,trifluoperazine,1866,exact,1.0
CID100005572,trihexyphenidyl,trihexyphenidyl,1870,exact,1.0
CID100005576,trimethadione,trimethadione,1871,exact,1.0
CID100005577,trimethobenzamide,trimethobenzamide,1873,exact,1.0
CID100005578,trimethoprim,trimethoprim,1874,exact,1.0
CID100005582,trimetrexate,trimetrexate,1875,exact,1.0
CID100005584,trimipramine,trimipramine,1876,exact,1.0
CID100005591,troglitazone,troglitazone,1881,exact,1.0
CID100005593,tropicamide,tropicamide,1884,exact,1.0
CID100005595,tropisetron,,,unmatched,0.0
CID100005596,trospium,trospium,1886,exact,1.0
CID100005625,delavirdine,delavirdine,496,exact,1.0
CID100005636,unoprostone,,,unmatched,0.0
CID100005645,UDCA,,,unmatched,0.0
CID100005647,VACV,,,unmatched,0.0
CID100005650,valsartan,valsartan,1915,exact,1.0
CID100005651,Vancocine,vancomycin,1916,fuzzy,0.8421
CID100005656,venlafaxine,venlafaxine,1927,exact,1.0
CID100005665,vigabatrin,vigabatrin,1933,exact,1.0
CID100005672,vinorelbine,vinorelbine,1939,exact,1.0
CID100005717,zafirlukast,zafirlukast,1955,exact,1.0
CID100005718,zalcitabine,zalcitabine,1956,exact,1.0
CID100005719,zaleplon,zaleplon,1957,exact,1.0
CID100005721,zanamivir,zanamivir,1958,exact,1.0
CID100005726,zidovudine,zidovudine,1961,exact,1.0
CID100005727,ZnCl2,,,unmatched,0.0
CID100005731,zolmitriptan,zolmitriptan,1969,exact,1.0
CID100005732,zolpidem,zolpidem,1970,exact,1.0
CID100005734,zonisamide,zonisamide,1971,exact,1.0
CID100005735,zopiclone,zopiclone,1972,exact,1.0
CID100005746,mitomycin,mitomycin,1232,exact,1.0
CID100005771,oxytocin,oxytocin,1375,exact,1.0
CID100005775,phentolamine,phentolamine,1448,exact,1.0
CID100005877,demethyl,,,unmatched,0.0
CID100005878,oxandrolone,oxandrolone,1357,exact,1.0
CID100005939,biguanide,,,unmatched,0.0
CID100005978,vincristine,vincristine,1937,exact,1.0
CID100006018,tetrabenazine,tetrabenazine,1778,exact,1.0
CID100006049,EDTA,,,unmatched,0.0
CID100006058,cysteamine,,,unmatched,0.0
CID100006116,calcium,,,unmatched,0.0
CID100006238,17-hydroxyprogesterone,,,unmatched,0.0
CID100006256,trifluorothymidine,,,unmatched,0.0
CID100006432,Optison,,,unmatched,0.0
CID100006436,triamcinolone,triamcinolone,1855,exact,1.0
CID100006451,bromcresol,,,unmatched,0.0
CID100006468,phencyclidine,,,unmatched,0.0
CID100006476,methsuximide,methsuximide,1181,exact,1.0
CID100006503,tris,,,unmatched,0.0
CID100006726,cyclizine,cyclizine,453,exact,1.0
CID100007012,phenylbutyric,phenylbutyric acid,1452,fuzzy,0.8387
CID100007029,diethylpropion,diethylpropion,547,exact,1.0
CID100007187,benzoyl,,,unmatched,0.0
CID100007638,monobenzone,,,unmatched,0.0
CID100007699,benzonatate,benzonatate,185,exact,1.0
CID100008197,tetraen,,,unmatched,0.0
CID100008230,argenine,,,unmatched,0.0
CID100008612,chloroprocaine,chloroprocaine,358,exact,1.0
CID100008982,nafcillin,nafcillin,1256,exact,1.0
CID100009034,methohexital,methohexital,1173,exact,1.0
CID100009354,dimercaptosuccinic,,,unmatched,0.0
CID100009433,aminophylline,aminophylline,74,exact,1.0
CID100009904,nandrolone,oxandrolone,1357,fuzzy,0.8571
CID100010100,propoxyphene,,,unmatched,0.0
CID100010340,sodium,,,unmatched,0.0
CID100010413,hydroxybutyrate,,,unmatched,0.0
CID100010547,echothiophate,,,unmatched,0.0
CID100010631,medroxyprogesterone,medroxyprogesterone acetate,1137,fuzzy,0.8261
CID100010660,dimenhydrinate,dimenhydrinate,562,exact,1.0
CID100011125,lithium,,,unmatched,0.0
CID100011973,Brolene,,,unmatched,0.0
CID100012453,zuclopenthixol,,,unmatched,0.0
CID100012460,phendimetrazine,phendimetrazine,1439,exact,1.0
CID100012536,desonide,budesonide,246,fuzzy,0.8889
CID100012555,benzydamine,,,unmatched,0.0
CID100012559,erythromycin,erythromycin,670,exact,1.0
CID100012597,isomannide,,,unmatched,0.0
CID100012620,Tadenan,,,unmatched,0.0
CID100013314,lormetazepam,lorazepam,1092,fuzzy,0.8571
CID100013342,vinblastine,vinblastine,1936,exact,1.0
CID100014789,ferumoxytol,ferumoxytol,730,exact,1.0
CID100014888,arsenic,,,unmatched,0.0
CID100014917,fluoride,,,unmatched,0.0
CID100015232,benzathine,,,unmatched,0.0
CID100015459,metaxalone,metaxalone,1163,exact,1.0
CID100016124,methylene,,,unmatched,0.0
CID100016230,amiloride,amiloride,68,exact,1.0
CID100016362,pimozide,pimozide,1470,exact,1.0
CID100016533,betamethasone,betamethasone,195,exact,1.0
CID100016850,fluorescein,,,unmatched,0.0
CID100016886,5-aza-2'-deoxycytidine,,,unmatched,0.0
CID100017358,SonoVue,,,unmatched,0.0
CID100018140,estramustine,estramustine,681,exact,1.0
CID100019090,megestrol,,,unmatched,0.0
CID100020585,choline,,,unmatched,0.0
CID100020969,clocortolone,,,unmatched,0.0
CID100021800,betamethasone,betamethasone,195,exact,1.0
CID100021945,methenamine,methenamine,1169,exact,1.0
CID100022258,hydrocodone,hydrocodone,884,exact,1.0
CID100022318,gold,,,unmatched,0.0
CID100022502,procaine,procaine,1525,exact,1.0
CID100023703,ogen,,,unmatched,0.0
CID100023897,molindone,molindone,1239,exact,1.0
CID100023925,Fe(III,,,unmatched,0.0
CID100023926,lanthanum,,,unmatched,0.0
CID100023951,samarium,,,unmatched,0.0
CID100023954,silver,,,unmatched,0.0
CID100023957,technetium-99m,,,unmatched,0.0
CID100023976,chromium,,,unmatched,0.0
CID100023978,copper,,,unmatched,0.0
CID100023982,gadolinium,,,unmatched,0.0
CID100023993,yttrium,,,unmatched,0.0
CID100023994,zinc,,,unmatched,0.0
CID100024087,selenium,selenium,1654,exact,1.0
CID100024414,barium,,,unmatched,0.0
CID100024424,zinc,,,unmatched,0.0
CID100024450,potassium,,,unmatched,0.0
CID100024642,TlCl,,,unmatched,0.0
CID100024706,Triphasil,,,unmatched,0.0
CID100024748,glucose,,,unmatched,0.0
CID100024841,iodide,iodine,955,fuzzy,0.8333
CID100025419,clodronate,,,unmatched,0.0
CID100025959,Prussian,,,unmatched,0.0
CID100027304,HMDP,,,unmatched,0.0
CID100027400,pizotifen,,,unmatched,0.0
CID100027661,isosorbide-5-mononitrate,isosorbide mononitrate,990,fuzzy,0.913
CID100027991,desmopressin,desmopressin,507,exact,1.0
CID100027993,conjugated,,,unmatched,0.0
CID100028332,propoxyphene,,,unmatched,0.0
CID100028486,lithium,,,unmatched,0.0
CID100029089,chlorhexidine,chlorhexidine,356,exact,1.0
CID100030623,dexrazoxane,dexrazoxane,522,exact,1.0
CID100031072,carbimazole,,,unmatched,0.0
CID100031264,paraldehyde,paraldehyde,1391,exact,1.0
CID100031378,fludrocortisone,fludrocortisone,747,exact,1.0
CID100031477,metipranolol,,,unmatched,0.0
CID100032169,articaine,articaine,123,exact,1.0
CID100032281,Protirelin,,,unmatched,0.0
CID100032603,clindamycin,clindamycin,398,exact,1.0
CID100032797,clobetasol,clobetasol,402,exact,1.0
CID100032800,Asp-Tyr(SO3H)-Met-Gly-Trp-Met-Asp-Phe-NH2,,,unmatched,0.0
CID100034312,oxcarbazepine,oxcarbazepine,1360,exact,1.0
CID100036339,etomidate,etomidate,700,exact,1.0
CID100036523,gonadorelin,gonadorelin,838,exact,1.0
CID100036811,dobutamine,dobutamine,577,exact,1.0
CID100037392,halofantrine,halofantrine,852,exact,1.0
CID100037720,pentosan,pentostatin,1425,fuzzy,0.8421
CID100038904,carboplatin,carboplatin,298,exact,1.0
CID100039042,bezafibrate,,,unmatched,0.0
CID100039507,rimexolone,,,unmatched,0.0
CID100039524,stiripentol,stiripentol,1711,exact,1.0
CID100039764,vecuronium,vecuronium,1922,exact,1.0
CID100039860,nabilone,nabilone,1253,exact,1.0
CID100040159,permethrin,,,unmatched,0.0
CID100040632,pirfenidone,pirfenidone,1477,exact,1.0
CID100040703,pinaverium,,,unmatched,0.0
CID100040973,desogestrel,desogestrel,508,exact,1.0
CID100040976,Implanon,,,unmatched,0.0
CID100041317,acitretin,acitretin,21,exact,1.0
CID100041684,nitazoxanide,nitazoxanide,1299,exact,1.0
CID100041693,sufentanil,sufentanil,1718,exact,1.0
CID100041744,valrubicin,valrubicin,1914,exact,1.0
CID100041774,acarbose,acarbose,11,exact,1.0
CID100041781,torasemide,torasemide,1836,exact,1.0
CID100042113,desflurane,desflurane,503,exact,1.0
CID100042395,Westcort,,,unmatched,0.0
CID100042615,Supremon,,,unmatched,0.0
CID100042955,misoprostol,misoprostol,1231,exact,1.0
CID100044563,lodoxamide,,,unmatched,0.0
CID100044564,lodoxamide,,,unmatched,0.0
CID100045469,sodium,,,unmatched,0.0
CID100047319,atracurium,atracurium,135,exact,1.0
CID100047320,cisatracurium,cisatracurium,386,exact,1.0
CID100047419,cefuroxime,cefuroxime,335,exact,1.0
CID100047471,butoconazole,tioconazole,1813,fuzzy,0.8696
CID100047528,nicorandil,,,unmatched,0.0
CID100047640,naftifine,,,unmatched,0.0
CID100047725,Goserelin,Goserelin,839,exact,1.0
CID100050294,nedocromil,nedocromil,1273,exact,1.0
CID100050614,cefotetan,cefotetan,324,exact,1.0
CID100051263,alfentanil,alfentanil,43,exact,1.0
CID100051577,miglitol,miglitol,1217,exact,1.0
CID100051634,miglustat,miglustat,1218,exact,1.0
CID100052421,prednicarbate,,,unmatched,0.0
CID100054158,mebrofenin,mebrofenin,1129,exact,1.0
CID100054313,iloprost,iloprost,908,exact,1.0
CID100054331,fosfomycin,fosfomycin,780,exact,1.0
CID100054373,Octreotide,Octreotide,1323,exact,1.0
CID100054454,simvastatin,simvastatin,1675,exact,1.0
CID100054547,cefpodoxime,cefpodoxime,326,exact,1.0
CID100054688,clarithromycin,clarithromycin,393,exact,1.0
CID100054786,treprostinil,treprostinil,1852,exact,1.0
CID100054808,loteprednol,,,unmatched,0.0
CID100054840,atomoxetine,atomoxetine,132,exact,1.0
CID100054949,NSC,,,unmatched,0.0
CID100055331,moexiprilat,moexipril,1237,fuzzy,0.9
CID100055466,Gd-DTPA,,,unmatched,0.0
CID100055480,milnacipran,milnacipran,1220,exact,1.0
CID100056338,fosphenytoin,fosphenytoin,783,exact,1.0
CID100056959,ranolazine,ranolazine,1570,exact,1.0
CID100057166,Photofrin,,,unmatched,0.0
CID100057469,imiquimod,imiquimod,913,exact,1.0
CID100057537,rotigotine,rotigotine,1624,exact,1.0
CID100057697,pemirolast,,,unmatched,0.0
CID100059708,levetiracetam,levetiracetam,1046,exact,1.0
CID100059768,esmolol,esmolol,675,exact,1.0
CID100060146,tamsulosin,tamsulosin,1745,exact,1.0
CID100060164,adapalene,adapalene,28,exact,1.0
CID100060172,adefovir,,,unmatched,0.0
CID100060183,perindopril,perindopril,1431,exact,1.0
CID100060184,perindopril,perindopril,1431,exact,1.0
CID100060198,exemestane,exemestane,705,exact,1.0
CID100060490,zileuton,zileuton,1962,exact,1.0
CID100060496,amlodipine,amlodipine,79,exact,1.0
CID100060612,dexmedetomidine,dexmedetomidine,520,exact,1.0
CID100060613,cidofovir,cidofovir,378,exact,1.0
CID100060668,etoposide,etoposide,702,exact,1.0
CID100060695,rocuronium,rocuronium,1612,exact,1.0
CID100060706,meropenem,meropenem,1157,exact,1.0
CID100060714,gadoteridol,gadoteridol,798,exact,1.0
CID100060726,bromfenac,bromfenac,241,exact,1.0
CID100060751,mTHPC,,,unmatched,0.0
CID100060752,ibutilide,ibutilide,901,exact,1.0
CID100060754,gadodiamide,gadodiamide,794,exact,1.0
CID100060787,saquinavir,saquinavir,1640,exact,1.0
CID100060795,aripiprazole,aripiprazole,118,exact,1.0
CID100060814,remifentanil,remifentanil,1579,exact,1.0
CID100060830,tiotropium,tiotropium,1815,exact,1.0
CID100060834,duloxetine,duloxetine,608,exact,1.0
CID100060843,pemetrexed,pemetrexed,1414,exact,1.0
CID100060852,ibandronate,ibandronate,897,exact,1.0
CID100060853,ziprasidone,ziprasidone,1967,exact,1.0
CID100060860,metaiodobenzylguanidine,,,unmatched,0.0
CID100060864,olopatadine,olopatadine,1332,exact,1.0
CID100060867,levosimendan,,,unmatched,0.0
CID100060871,adefovir,,,unmatched,0.0
CID100060877,emtricitabine,emtricitabine,637,exact,1.0
CID100060878,eprosartan,eprosartan,658,exact,1.0
CID100060936,tiludronate,,,unmatched,0.0
CID100060953,capecitabine,capecitabine,285,exact,1.0
CID100061475,sodium,,,unmatched,0.0
CID100061799,monomethylfumarate,monomethyl fumarate,1240,fuzzy,0.973
CID100062305,doxycycline,doxycycline,598,exact,1.0
CID100062358,ammonium,,,unmatched,0.0
CID100062816,colestipol,colestipol,433,exact,1.0
CID100062819,Metrodin,,,unmatched,0.0
CID100062924,fluticasone,fluticasone,766,exact,1.0
CID100062956,fosinoprilat,fosinopril,781,fuzzy,0.9091
CID100062959,trovafloxacin,trovafloxacin,1887,exact,1.0
CID100062965,beclomethasone,,,unmatched,0.0
CID100063001,benazeprilat,benazepril,177,fuzzy,0.9091
CID100064147,valganciclovir,valganciclovir,1912,exact,1.0
CID100064778,Meropenem,Meropenem,1157,exact,1.0
CID100064929,fenofibric,,,unmatched,0.0
CID100064987,tenofovir,,,unmatched,0.0
CID100065014,AMD3100,,,unmatched,0.0
CID100065157,testosterone,testosterone,1775,exact,1.0
CID100065281,CAS,,,unmatched,0.0
CID100065370,Glat,,,unmatched,0.0
CID100065628,bendamustine,bendamustine,178,exact,1.0
CID100065840,colestimide,,,unmatched,0.0
CID100065856,reboxetine,,,unmatched,0.0
CID100065863,sertaconazole,,,unmatched,0.0
CID100065866,lercanidipine,,,unmatched,0.0
CID100065999,telmisartan,telmisartan,1759,exact,1.0
CID100068613,atosiban,,,unmatched,0.0
CID100068740,zoledronic,,,unmatched,0.0
CID100068844,brinzolamide,brinzolamide,237,exact,1.0
CID100069512,malvidin,,,unmatched,0.0
CID100071158,acamprosate,acamprosate,10,exact,1.0
CID100071273,ropivacaine,ropivacaine,1620,exact,1.0
CID100071301,nebivolol,nebivolol,1271,exact,1.0
CID100071316,mivacurium,mivacurium,1235,exact,1.0
CID100071329,dofetilide,dofetilide,580,exact,1.0
CID100071348,lanreotide,lanreotide,1021,exact,1.0
CID100071360,iloperidone,iloperidone,907,exact,1.0
CID100071362,Hoe,,,unmatched,0.0
CID100071406,TPGS,,,unmatched,0.0
CID100071436,Lutalyse,,,unmatched,0.0
CID100071469,erythromycin,erythromycin,670,exact,1.0
CID100071616,voriconazole,voriconazole,1946,exact,1.0
CID100072022,perindoprilat,perindopril,1431,fuzzy,0.9167
CID100072054,darifenacin,darifenacin,480,exact,1.0
CID100072081,Terlipressin,,,unmatched,0.0
CID100072111,rifaximin,rifaximin,1593,exact,1.0
CID100072466,bleomycin,bleomycin,219,exact,1.0
CID100072938,gemifloxacin,gemifloxacin,813,exact,1.0
CID100073303,doripenem,doripenem,586,exact,1.0
CID100073658,telithromycin,telithromycin,1758,exact,1.0
CID100074989,atovaquone,atovaquone,134,exact,1.0
CID100077992,frovatriptan,frovatriptan,788,exact,1.0
CID100077993,eletriptan,eletriptan,627,exact,1.0
CID100077996,paricalcitol,paricalcitol,1394,exact,1.0
CID100077997,MK-462,,,unmatched,0.0
CID100077998,rosiglitazone,rosiglitazone,1621,exact,1.0
CID100078032,Vallergan,valerian,1911,fuzzy,0.8235
CID100082146,bexarotene,bexarotene,202,exact,1.0
CID100082148,agomelatine,,,unmatched,0.0
CID100083030,Ge-132,,,unmatched,0.0
CID100083513,barium,,,unmatched,0.0
CID100083606,strontium,,,unmatched,0.0
CID100084003,ketorolac,ketorolac,1010,exact,1.0
CID100091488,fluocinolone,fluocinonide,752,fuzzy,0.8333
CID100093860,bortezomib,bortezomib,222,exact,1.0
CID100096312,nelarabine,nelarabine,1275,exact,1.0
CID100102258,rasburicase,rasburicase,1573,exact,1.0
CID100102399,dextran,,,unmatched,0.0
CID100104741,ICI,,,unmatched,0.0
CID100104758,raltitrexed,,,unmatched,0.0
CID100104778,levodopa/carbidopa,,,unmatched,0.0
CID100104799,fotemustine,,,unmatched,0.0
CID100104849,rimonabant,,,unmatched,0.0
CID100104865,bosentan,bosentan,223,exact,1.0
CID100105145,68Ga,,,unmatched,0.0
CID100107694,Diane-35,,,unmatched,0.0
CID100107969,FTY720,,,unmatched,0.0
CID100107994,quinaprilat,quinapril,1554,fuzzy,0.9
CID100110634,vardenafil,vardenafil,1918,exact,1.0
CID100110635,tadalafil,tadalafil,1736,exact,1.0
CID100114709,eslicarbazepine,eslicarbazepine,674,exact,1.0
CID100115237,paliperidone,paliperidone,1381,exact,1.0
CID100115355,NTBC,,,unmatched,0.0
CID100119182,clofarabine,clofarabine,405,exact,1.0
CID100119212,benzylpenicilloyl,benzylpenicillin,189,fuzzy,0.8485
CID100119607,valdecoxib,valdecoxib,1910,exact,1.0
CID100119828,parecoxib,,,unmatched,0.0
CID100119830,tenofovir,,,unmatched,0.0
CID100121396,N-carbamylglutamate,,,unmatched,0.0
CID100121749,ustekinumab,ustekinumab,1907,exact,1.0
CID100121892,retigabine,tiagabine,1801,fuzzy,0.8421
CID100122197,FP-CIT,,,unmatched,0.0
CID100122316,rasagiline,rasagiline,1572,exact,1.0
CID100123015,SU5416,,,unmatched,0.0
CID100123597,travoprost,travoprost,1849,exact,1.0
CID100123606,almotriptan,almotriptan,49,exact,1.0
CID100123610,Eptifibatide,Eptifibatide,659,exact,1.0
CID100123611,fondaparinux,fondaparinux,775,exact,1.0
CID100123619,etoricoxib,,,unmatched,0.0
CID100123620,mometasone,mometasone,2058,exact,1.0
CID100123623,Cancidas,,,unmatched,0.0
CID100123631,gefitinib,gefitinib,810,exact,1.0
CID100123634,Trisequens,,,unmatched,0.0
CID100123809,Madopar,,,unmatched,0.0
CID100124087,desloratadine,desloratadine,506,exact,1.0
CID100125017,desvenlafaxine,desvenlafaxine,511,exact,1.0
CID100125889,pregabalin,pregabalin,1516,exact,1.0
CID100127909,bimatoprost,bimatoprost,207,exact,1.0
CID100128549,trandolaprilat,trandolapril,1843,fuzzy,0.9231
CID100129228,rufinamide,rufinamide,1627,exact,1.0
CID100129806,rosuvastatin,rosuvastatin,1622,exact,1.0
CID100130564,esomeprazole,esomeprazole,676,exact,1.0
CID100130881,olmesartan,olmesartan,1330,exact,1.0
CID100131535,fosamprenavir,fosamprenavir,777,exact,1.0
CID100132804,pitavastatin,pitavastatin,1479,exact,1.0
CID100132971,abiraterone,abiraterone,8,exact,1.0
CID100132999,ivabradine,ivabradine,996,exact,1.0
CID100134018,febuxostat,febuxostat,713,exact,1.0
CID100134019,pixantrone,,,unmatched,0.0
CID100134780,pomalidomide,pomalidomide,1491,exact,1.0
CID100135113,sacrosidase,,,unmatched,0.0
CID100145068,nitric,,,unmatched,0.0
CID100147740,drospirenone,drospirenone,604,exact,1.0
CID100147912,posaconazole,posaconazole,1494,exact,1.0
CID100148121,pralatrexate,pralatrexate,1502,exact,1.0
CID100148127,ospemifene,ospemifene,1353,exact,1.0
CID100148191,temsirolimus,temsirolimus,1763,exact,1.0
CID100148192,atazanavir,atazanavir,129,exact,1.0
CID100148211,palonosetron,palonosetron,1382,exact,1.0
CID100150310,eplerenone,eplerenone,656,exact,1.0
CID100150311,ezetimibe,ezetimibe,707,exact,1.0
CID100150610,ertapenem,ertapenem,668,exact,1.0
CID100151075,nepafenac,,,unmatched,0.0
CID100151165,aprepitant,aprepitant,112,exact,1.0
CID100151171,conivaptan,conivaptan,438,exact,1.0
CID100152945,dutasteride,dutasteride,611,exact,1.0
CID100153941,entecavir,entecavir,647,exact,1.0
CID100153994,clevidipine,clevidipine,396,exact,1.0
CID100154058,solifenacin,solifenacin,1696,exact,1.0
CID100154256,bazedoxifene,bazedoxifene,167,exact,1.0
CID100156326,asenapine,asenapine,125,exact,1.0
CID100156418,cinacalcet,cinacalcet,381,exact,1.0
CID100157429,gadopentetate,,,unmatched,0.0
CID100157688,vinflunine,,,unmatched,0.0
CID100157920,lubiprostone,lubiprostone,1100,exact,1.0
CID100157921,methyl,,,unmatched,0.0
CID100158781,olmesartan,olmesartan,1330,exact,1.0
CID100158786,pegaptanib,,,unmatched,0.0
CID100159247,sevelamer,sevelamer,1663,exact,1.0
CID100160036,MnDPDP,,,unmatched,0.0
CID100160051,colesevelam,colesevelam,432,exact,1.0
CID100160352,zidovudine/lamivudine,,,unmatched,0.0
CID100163296,tipranavir,tipranavir,1817,exact,1.0
CID100166548,Anidulafungin,Anidulafungin,97,exact,1.0
CID100168625,poly(styrene,,,unmatched,0.0
CID100168924,lanthanum,,,unmatched,0.0
CID100170361,varenicline,varenicline,1919,exact,1.0
CID100171558,Kaluril,,,unmatched,0.0
CID100176870,erlotinib,erlotinib,667,exact,1.0
CID100179344,eslicarbazepine,eslicarbazepine,674,exact,1.0
CID100185457,S-benzoylmercaptoacetyltriglycine,,,unmatched,0.0
CID100192155,Prednefrin,,,unmatched,0.0
CID100193962,etravirine,etravirine,703,exact,1.0
CID100197281,gadobenate,,,unmatched,0.0
CID100197712,ambrisentan,ambrisentan,62,exact,1.0
CID100206527,L-Dmp,,,unmatched,0.0
CID100208898,dronedarone,dronedarone,602,exact,1.0
CID100208902,ramelteon,ramelteon,1564,exact,1.0
CID100208908,lapatinib,lapatinib,1024,exact,1.0
CID100208920,NuvaRing,,,unmatched,0.0
CID100213023,dabigatran,,,unmatched,0.0
CID100213039,darunavir,darunavir,482,exact,1.0
CID100213046,lurasidone,lurasidone,1104,exact,1.0
CID100214339,luliconazole,fluconazole,743,fuzzy,0.8696
CID100216209,aliskiren,aliskiren,46,exact,1.0
CID100216210,dabigatran,,,unmatched,0.0
CID100216235,sitaxsentan,,,unmatched,0.0
CID100216237,tolvaptan,tolvaptan,1833,exact,1.0
CID100216239,sorafenib,sorafenib,1702,exact,1.0
CID100216258,Colimycin,,,unmatched,0.0
CID100216326,lenalidomide,lenalidomide,1035,exact,1.0
CID100216416,lasofoxifene,,,unmatched,0.0
CID100219024,regadenoson,regadenoson,1575,exact,1.0
CID100219078,lacosamide,lacosamide,1014,exact,1.0
CID100219084,Gd-EOB-DTPA,,,unmatched,0.0
CID100219090,fosaprepitant,fosaprepitant,778,exact,1.0
CID100222786,cortisone,,,unmatched,0.0
CID100315411,18F-FDG,,,unmatched,0.0
CID100358641,trimethoprim-sulfamethoxazole,,,unmatched,0.0
CID100441332,carboprost,,,unmatched,0.0
CID100441382,natamycin,,,unmatched,0.0
CID100443379,CAS,,,unmatched,0.0
CID100444006,cefditoren,cefditoren,316,exact,1.0
CID100444013,gadoversetamide,gadoversetamide,799,exact,1.0
CID100444033,ciclesonide,ciclesonide,375,exact,1.0
CID100449193,roflumilast,roflumilast,1614,exact,1.0
CID100455658,hemin,hemin,855,exact,1.0
CID100477468,FK463,,,unmatched,0.0
CID100483407,maraviroc,maraviroc,1125,exact,1.0
CID100489129,efinaconazole,,,unmatched,0.0
CID100517045,sodium,,,unmatched,0.0
CID100644241,nilotinib,nilotinib,1293,exact,1.0
CID100656628,silodosin,silodosin,1667,exact,1.0
CID100656892,TMC207,,,unmatched,0.0
CID100657298,propylthiouracil,propylthiouracil,1541,exact,1.0
CID100667490,6-mercaptopurine,mercaptopurine,1156,fuzzy,0.9333
CID101349907,methimazole,methimazole,1170,exact,1.0
CID102723601,6-thioguanine,tioguanine,1814,fuzzy,0.8696
CID102761171,ethionamide,ethionamide,694,exact,1.0
CID103006171,rilpivirine,rilpivirine,1595,exact,1.0
CID103010818,d-telaprevir,telaprevir,1755,fuzzy,0.9091
CID103038497,fospropofol,fospropofol,784,exact,1.0
CID103052762,prucalopride,prucalopride,1544,exact,1.0
CID103055172,pimecrolimus,pimecrolimus,1468,exact,1.0
CID103062316,dasatinib,dasatinib,484,exact,1.0
CID103080904,Estrofem,,,unmatched,0.0
CID103081276,fluticasone/salmeterol,,,unmatched,0.0
CID103081361,vandetanib,vandetanib,1917,exact,1.0
CID103081362,telavancin,telavancin,1756,exact,1.0
CID103081884,copolymer,,,unmatched,0.0
CID103085017,sevelamer,sevelamer,1663,exact,1.0
CID103086257,Photofrin,,,unmatched,0.0
CID103086685,axitinib,axitinib,147,exact,1.0
CID103086686,sunitinib,sunitinib,1731,exact,1.0
CID103325225,ALX,,,unmatched,0.0
CID104369359,sitagliptin,sitagliptin,1679,exact,1.0
CID104474778,2-hydroxysuccinaldehyde,,,unmatched,0.0
CID104479094,doxercalciferol,doxercalciferol,595,exact,1.0
CID104479097,hydroxocobalamin,hydroxocobalamin,891,exact,1.0
CID104517618,sodium,,,unmatched,0.0
CID104630253,alclometasone,,,unmatched,0.0
CID104659568,entacapone,entacapone,646,exact,1.0
CID104659569,tolcapone,tolcapone,1829,exact,1.0
CID105001396,warfarin,warfarin,1951,exact,1.0
CID105251896,vildagliptin,,,unmatched,0.0
CID105273759,abacavir-lamivudine,,,unmatched,0.0
CID105277135,elvitegravir,elvitegravir,633,exact,1.0
CID105281007,dacarbazine,dacarbazine,463,exact,1.0
CID105310993,acipimox,,,unmatched,0.0
CID105311167,halobetasol,clobetasol,402,fuzzy,0.8571
CID105327147,polyoxyethylene,,,unmatched,0.0
CID105328940,bosutinib,bosutinib,224,exact,1.0
CID105353894,pralidoxime,pralidoxime,1503,exact,1.0
CID105353980,sulfasalazine,sulfasalazine,1725,exact,1.0
CID105359596,arsenic,,,unmatched,0.0
CID105360237,Paroven,,,unmatched,0.0
CID105361912,rifabutin,rifabutin,1589,exact,1.0
CID105361917,methylnaltrexone,methylnaltrexone,1188,exact,1.0
CID105362070,balsalazide,balsalazide,164,exact,1.0
CID105362420,verteporfin,verteporfin,1929,exact,1.0
CID105381226,rifampicin,rifampicin,1590,exact,1.0
CID105462337,olsalazine,olsalazine,1334,exact,1.0
CID105464096,ramiprilat,ramipril,1565,fuzzy,0.8889
CID105479141,CGP,,,unmatched,0.0
CID105487068,Mersyndol,,,unmatched,0.0
CID105487301,tegaserod,tegaserod,1754,exact,1.0
CID105488383,ofatumumab,ofatumumab,1324,exact,1.0
CID105488547,alvimopan,alvimopan,59,exact,1.0
CID105493381,deferasirox,deferasirox,488,exact,1.0
CID106102852,gadobutrol,gadobutrol,793,exact,1.0
CID106323497,rifapentine,rifapentine,1592,exact,1.0
CID106326970,selenium,selenium,1654,exact,1.0
CID106328144,radium,,,unmatched,0.0
CID106328526,AC1O3HA7,,,unmatched,0.0
CID106331630,eribulin,eribulin,666,exact,1.0
CID106333887,auranofin,auranofin,139,exact,1.0
CID106398970,cefdinir,cefdinir,315,exact,1.0
CID106433082,hexaminolevulinate,hexaminolevulinate,862,exact,1.0
CID106433091,tapentadol,tapentadol,1746,exact,1.0
CID106433101,tafluprost,,,unmatched,0.0
CID106433117,indacaterol,indacaterol,915,exact,1.0
CID106433119,rivaroxaban,rivaroxaban,1609,exact,1.0
CID106435110,ivermectin,ivermectin,998,exact,1.0
CID106437075,Timentin,,,unmatched,0.0
CID106440191,fidaxomicin,fidaxomicin,734,exact,1.0
CID106442177,everolimus,everolimus,704,exact,1.0
CID106445540,ixabepilone,ixabepilone,1001,exact,1.0
CID106452749,Locorten,,,unmatched,0.0
CID106453361,Sativex,,,unmatched,0.0
CID106477186,delamanid,,,unmatched,0.0
CID106850789,iron,iron,975,exact,1.0
CID106850791,leuprorelin,,,unmatched,0.0
CID106918182,strontium,,,unmatched,0.0
CID106918313,vilazodone,vilazodone,1935,exact,1.0
CID106918366,fosaprepitant,fosaprepitant,778,exact,1.0
CID106918430,ceftobiprole,,,unmatched,0.0
CID106918456,prasugrel,prasugrel,1508,exact,1.0
CID106918462,retapamulin,,,unmatched,0.0
CID106918558,fesoterodine,fesoterodine,731,exact,1.0
CID106918584,sugammadex,sugammadex,1719,exact,1.0
CID106918638,belinostat,belinostat,174,exact,1.0
CID106918670,PEP005,,,unmatched,0.0
CID109794842,tasimelteon,tasimelteon,1747,exact,1.0
CID109800339,olodaterol,olodaterol,1331,exact,1.0
CID109810131,ceftaroline,,,unmatched,0.0
CID109811221,cabazitaxel,cabazitaxel,259,exact,1.0
CID109812414,dalteparin,dalteparin,470,exact,1.0
CID109815559,trans,,,unmatched,0.0
CID109818231,tofacitinib,tofacitinib,1825,exact,1.0
CID109825285,azilsartan,valsartan,1915,fuzzy,0.8421
CID109831414,Lovaza,,,unmatched,0.0
CID109831761,irbesartan-hydrochlorothiazide,,,unmatched,0.0
CID109831783,Stalevo,,,unmatched,0.0
CID109846180,eltrombopag,eltrombopag,631,exact,1.0
CID109853053,lomitapide,lomitapide,1085,exact,1.0
CID109854489,fluticasone,fluticasone,766,exact,1.0
CID109865528,mirabegron,mirabegron,1229,exact,1.0
CID109869929,avanafil,avanafil,141,exact,1.0
CID109871419,ticagrelor,ticagrelor,1802,exact,1.0
CID109887712,dapagliflozin,dapagliflozin,474,exact,1.0
CID109898619,Depreotide,,,unmatched,0.0
CID109912092,apremilast,apremilast,111,exact,1.0
CID109924495,perampanel,perampanel,1428,exact,1.0
CID109930048,vernakalant,,,unmatched,0.0
CID109940864,Benicar-HCT,,,unmatched,0.0
CID109941444,SOM230,,,unmatched,0.0
CID109966051,Lu,,,unmatched,0.0
CID110028615,vorapaxar,vorapaxar,1945,exact,1.0
CID110096344,linagliptin,linagliptin,1070,exact,1.0
CID110107393,18F-flutemetamol,,,unmatched,0.0
CID110113978,pazopanib,pazopanib,1400,exact,1.0
CID110163178,afatinib,afatinib,32,exact,1.0
CID110178705,besifloxacin,gemifloxacin,813,fuzzy,0.8333
CID110182969,apixaban,apixaban,108,exact,1.0
CID110324367,boceprevir,boceprevir,221,exact,1.0
CID110465263,lorcaserin,lorcaserin,1093,exact,1.0
CID110482134,glycerol,,,unmatched,0.0
CID111001318,tafamidis,tafamidis,1737,exact,1.0
CID111020241,ascorbate,,,unmatched,0.0
CID111163584,alogliptin,alogliptin,51,exact,1.0
CID111167602,regorafenib,regorafenib,1576,exact,1.0
CID111228026,aclidinium,aclidinium,22,exact,1.0
CID111234049,TR-700,,,unmatched,0.0
CID111235728,Saxagliptin,Saxagliptin,1646,exact,1.0
CID111238823,azilsartan,valsartan,1915,fuzzy,0.8421
CID111254352,sodium,,,unmatched,0.0
CID111304743,riociguat,riociguat,1600,exact,1.0
CID111499245,AN2690,,,unmatched,0.0
CID111501341,florbetaben,,,unmatched,0.0
CID111505907,Zyprexa,,,unmatched,0.0
CID111519069,umeclidinium,umeclidinium,1899,exact,1.0
CID111531537,eliglustat,eliglustat,629,exact,1.0
CID111556711,Carfilzomib,Carfilzomib,299,exact,1.0
CID111593706,sevelamer,sevelamer,1663,exact,1.0
CID111597571,crizotinib,crizotinib,448,exact,1.0
CID111597697,lisdexamfetamine,lisdexamfetamine,1078,exact,1.0
CID111672461,gadofosveset,,,unmatched,0.0
CID111707110,trametinib,trametinib,1842,exact,1.0
CID111722286,spinosad,,,unmatched,0.0
CID111947681,nitroprusside,nitroprusside,1305,exact,1.0
CID111949646,empagliflozin,empagliflozin,636,exact,1.0
CID111979316,vasopressin,vasopressin,1921,exact,1.0
CID113559279,ulipristal,ulipristal,1897,exact,1.0
CID115951529,MDV3100,,,unmatched,0.0
CID116004692,macitentan,macitentan,1111,exact,1.0
CID116065945,TMC435,,,unmatched,0.0
CID116126651,PCI-32765,,,unmatched,0.0
CID116129616,salmon,,,unmatched,0.0
CID116129617,cosyntropin,,,unmatched,0.0
CID116129629,LY146032,,,unmatched,0.0
CID116129632,Nuvocid,,,unmatched,0.0
CID116129665,Vitrum,,,unmatched,0.0
CID116129672,Insulin,inulin,950,fuzzy,0.9231
CID116129682,Forteo,,,unmatched,0.0
CID116129690,ziconotide,ziconotide,1960,exact,1.0
CID116129701,T-A2-3,,,unmatched,0.0
CID116129703,Revasc,,,unmatched,0.0
CID116129704,Bivalirudin,Bivalirudin,217,exact,1.0
CID116130199,Enfuvirtide,Enfuvirtide,643,exact,1.0
CID116130295,BPTI,,,unmatched,0.0
CID116130957,Org,,,unmatched,0.0
CID116131215,Abarelix,Abarelix,4,exact,1.0
CID116131310,hepatitis,,,unmatched,0.0
CID116132265,ACTH(1-39,,,unmatched,0.0
CID116132283,glucagon,glucagon,827,exact,1.0
CID116132344,oCRH,,,unmatched,0.0
CID116132418,NovoLog,,,unmatched,0.0
CID116132438,Humalog,,,unmatched,0.0
CID116132441,Refludan,,,unmatched,0.0
CID116132446,Symlin,,,unmatched,0.0
CID116134956,liraglutide,liraglutide,1077,exact,1.0
CID116136245,degarelix,degarelix,493,exact,1.0
CID116137271,insulin,inulin,950,fuzzy,0.9231
CID116139342,Lyxumia,,,unmatched,0.0
CID116139605,teduglutide,teduglutide,1753,exact,1.0
CID116156130,exenatide,exenatide,706,exact,1.0
CID116158207,linaclotide,linaclotide,1069,exact,1.0
CID116158473,o291,,,unmatched,0.0
CID116213095,pentastarch,,,unmatched,0.0
CID116220172,ivacaftor,ivacaftor,997,exact,1.0
CID117754772,ruxolitinib,ruxolitinib,1628,exact,1.0
CID119371515,alcaftadine,,,unmatched,0.0
CID122834577,nesiritide,nesiritide,1282,exact,1.0
CID123668479,raltegravir,raltegravir,1563,exact,1.0
CID123689036,pertechnetate,,,unmatched,0.0
CID123690938,piroxicam,piroxicam,1478,exact,1.0
CID124762228,Azarga,,,unmatched,0.0
CID124776445,vismodegib,vismodegib,1940,exact,1.0
CID124812758,canagliflozin,canagliflozin,280,exact,1.0
CID124822371,florbetapir,,,unmatched,0.0
CID124826799,ponatinib,ponatinib,1492,exact,1.0
CID124838347,glucagon,glucagon,827,exact,1.0
CID124846132,hetastarch,,,unmatched,0.0
CID124950485,cobicistat,cobicistat,424,exact,1.0
CID124965990,suvorexant,suvorexant,1733,exact,1.0
CID125074470,Triptorelin,Triptorelin,1880,exact,1.0
CID125074886,cetrorelix,,,unmatched,0.0
CID125077405,Nafarelin,,,unmatched,0.0
CID125077993,Histrelin,Histrelin,864,exact,1.0
CID125094462,sofosbuvir,sofosbuvir,1695,exact,1.0
CID125102847,cabozantinib,cabozantinib,262,exact,1.0
CID125880656,doxycycline,doxycycline,598,exact,1.0
CID125880664,tetracycline,tetracycline,1783,exact,1.0
CID126275995,minocycline,minocycline,1224,exact,1.0
CID140468184,acenocoumarol,acenocoumarol,13,exact,1.0
CID142611257,vemurafenib,vemurafenib,1925,exact,1.0
CID144134877,oxytetracycline,oxytetracycline,1374,exact,1.0
CID144146714,Lantus,,,unmatched,0.0
CID144201342,tesamorelin,tesamorelin,1773,exact,1.0
CID144201343,ecallantide,,,unmatched,0.0
CID144462760,dabrafenib,dabrafenib,462,exact,1.0
CID144564107,mipomersen,mipomersen,1228,exact,1.0
CID144564722,Promacta,,,unmatched,0.0
CID144567678,dalbavancin,dalbavancin,467,exact,1.0
CID146181941,Signifor,,,unmatched,0.0
CID146216142,dolutegravir,dolutegravir,582,exact,1.0
CID151508717,tenoxicam,,,unmatched,0.0
CID151601240,demeclocycline,demeclocycline,498,exact,1.0
CID153477714,heparin,heparin,856,exact,1.0
CID153627505,hydroxypropyl,,,unmatched,0.0
CID154677977,A77,,,unmatched,0.0
CID154681041,tigecycline,tigecycline,1805,exact,1.0
CID154682541,doxycycline,doxycycline,598,exact,1.0
CID154687131,lymecycline,,,unmatched,0.0
CID156603655,pegaptanib,,,unmatched,0.0
CID156842239,n-3,,,unmatched,0.0
CID170683024,x,,,unmatched,0.0
CID170695640,colestyramine,cholestyramine,368,fuzzy,0.963
CID171306834,K779,,,unmatched,0.0
